<?xml version='1.0'?>
<!--
Licensed to the Apache Software Foundation (ASF) under one
or more contributor license agreements.  See the NOTICE file
distributed with this work for additional information
regarding copyright ownership.  The ASF licenses this file
to you under the Apache License, Version 2.0 (the
"License"); you may not use this file except in compliance
with the License.  You may obtain a copy of the License at

  http://www.apache.org/licenses/LICENSE-2.0

Unless required by applicable law or agreed to in writing,
software distributed under the License is distributed on an
"AS IS" BASIS, WITHOUT WARRANTIES OR CONDITIONS OF ANY
KIND, either express or implied.  See the License for the
specific language governing permissions and limitations
under the License.
-->

<configuration xmlns="urn:activemq"
               xmlns:xsi="http://www.w3.org/2001/XMLSchema-instance"
               xmlns:xi="http://www.w3.org/2001/XInclude"
               xsi:schemaLocation="urn:activemq /schema/artemis-configuration.xsd">

   <core xmlns="urn:activemq:core" xmlns:xsi="http://www.w3.org/2001/XMLSchema-instance"
         xsi:schemaLocation="urn:activemq:core ">

      <name>0.0.0.0</name>


      <persistence-enabled>false</persistence-enabled>

      <journal-type>NIO</journal-type>

      <!-- should the broker detect dead locks and other issues -->
      <critical-analyzer>true</critical-analyzer>

      <critical-analyzer-timeout>120000</critical-analyzer-timeout>

      <critical-analyzer-check-period>60000</critical-analyzer-check-period>

      <critical-analyzer-policy>HALT</critical-analyzer-policy>

      <page-sync-timeout>60000</page-sync-timeout>

      <acceptors>
         <!-- Acceptor for every supported protocol -->
         <acceptor name="artemis">tcp://0.0.0.0:61617?tcpSendBufferSize=1048576;tcpReceiveBufferSize=1048576;amqpMinLargeMessageSize=102400;protocols=CORE,AMQP,STOMP,HORNETQ,MQTT,OPENWIRE;useEpoll=true;amqpCredits=1000;amqpLowCredits=300;amqpDuplicateDetection=true</acceptor>
      </acceptors>

      <security-settings>
         <security-setting match="#">
            <permission type="createNonDurableQueue" roles="guest"/>
            <permission type="deleteNonDurableQueue" roles="guest"/>
            <permission type="createDurableQueue" roles="guest"/>
            <permission type="deleteDurableQueue" roles="guest"/>
            <permission type="createAddress" roles="guest"/>
            <permission type="deleteAddress" roles="guest"/>
            <permission type="consume" roles="guest"/>
            <permission type="browse" roles="guest"/>
            <permission type="send" roles="guest"/>
            <permission type="manage" roles="guest"/>
         </security-setting>
      </security-settings>

      <address-settings>
         <!-- if you define auto-create on certain queues, management has to be auto-create -->
         <address-setting match="activemq.management#">
            <dead-letter-address>DLQ</dead-letter-address>
            <expiry-address>ExpiryQueue</expiry-address>
            <redelivery-delay>0</redelivery-delay>
            <!-- with -1 only the global-max-size is in use for limiting -->
            <max-size-bytes>-1</max-size-bytes>
            <message-counter-history-day-limit>10</message-counter-history-day-limit>
            <address-full-policy>PAGE</address-full-policy>
            <auto-create-queues>true</auto-create-queues>
            <auto-create-addresses>true</auto-create-addresses>
            <auto-create-jms-queues>true</auto-create-jms-queues>
            <auto-create-jms-topics>true</auto-create-jms-topics>
         </address-setting>
         <!--default for catch all-->
         <address-setting match="#">
            <dead-letter-address>DLQ</dead-letter-address>
            <expiry-address>ExpiryQueue</expiry-address>
            <redelivery-delay>0</redelivery-delay>
            <!-- with -1 only the global-max-size is in use for limiting -->
            <max-size-bytes>-1</max-size-bytes>
            <message-counter-history-day-limit>10</message-counter-history-day-limit>
            <address-full-policy>PAGE</address-full-policy>
            <auto-create-queues>true</auto-create-queues>
            <auto-create-addresses>true</auto-create-addresses>
            <auto-create-jms-queues>true</auto-create-jms-queues>
            <auto-create-jms-topics>true</auto-create-jms-topics>
         </address-setting>
      </address-settings>

      <addresses>
         <address name="DLQ">
            <anycast>
               <queue name="DLQ" />
            </anycast>
         </address>
         <address name="ExpiryQueue">
            <anycast>
               <queue name="ExpiryQueue" />
            </anycast>
         </address>

      </addresses>

   </core>
</configuration>
